id,status
1,ok
2,ok
3,ok
4,ok
5,ok
6,ok
7,ok
8,ok
9,ok
10,ok
11,ok
12,ok
13,ok
14,ok
15,ok
16,ok
17,ok
18,ok
19,ok
20,ok
21,ok
22,ok
23,ok
24,ok
25,ok
26,ok
27,missing-south-grh
28,missing-south-grh
29,missing-south-grh
30,missing-south-grh
31,missing-south-grh
32,missing-south-grh
33,missing-south-grh
34,missing-south-grh
35,missing-south-grh
36,missing-south-grh
37,missing-south-grh
38,missing-south-grh
39,missing-south-grh
40,missing-south-grh
41,missing-south-grh
42,missing-south-grh
43,missing-south-grh
44,missing-south-grh
45,missing-south-grh
46,missing-south-grh
47,missing-south-grh
48,missing-south-grh
49,missing-south-grh
50,missing-south-grh
51,missing-south-grh
52,missing-south-grh
53,missing-south-grh
54,missing-south-grh
55,missing-south-grh
56,missing-south-grh
57,missing-south-grh
58,missing-south-grh
59,missing-south-grh
60,missing-south-grh
61,missing-south-grh
62,missing-south-grh
63,missing-south-grh
64,missing-south-grh
65,missing-south-grh
66,missing-south-grh
67,missing-south-grh
68,missing-south-grh
69,missing-south-grh
70,missing-south-grh
71,ok
72,ok
73,ok
74,ok
75,ok
76,ok
77,ok
78,ok
79,ok
80,missing-south-grh
81,missing-south-grh
82,missing-south-grh
83,missing-south-grh
84,missing-south-grh
85,missing-south-grh
86,missing-south-grh
87,missing-south-grh
88,missing-south-grh
89,missing-south-grh
90,missing-south-grh
91,missing-south-grh
92,missing-south-grh
93,missing-south-grh
94,missing-south-grh
95,missing-south-grh
96,missing-south-grh
97,missing-south-grh
98,missing-south-grh
99,missing-south-grh
100,missing-south-grh
101,missing-south-grh
102,ok
103,ok
104,ok
105,ok
106,ok
107,ok
108,ok
109,ok
110,ok
111,ok
112,missing-south-grh
113,missing-south-grh
114,missing-south-grh
115,missing-south-grh
116,missing-south-grh
117,missing-south-grh
118,missing-south-grh
119,missing-south-grh
120,missing-south-grh
121,missing-south-grh
122,missing-south-grh
123,missing-south-grh
124,missing-south-grh
125,missing-south-grh
126,missing-south-grh
127,missing-south-grh
128,missing-south-grh
129,missing-south-grh
130,missing-south-grh
131,missing-south-grh
132,missing-south-grh
133,missing-south-grh
134,missing-south-grh
135,missing-south-grh
136,missing-south-grh
137,missing-south-grh
138,missing-south-grh
139,missing-south-grh
140,missing-south-grh
141,missing-south-grh
142,missing-south-grh
143,missing-south-grh
144,missing-south-grh
145,missing-south-grh
146,missing-south-grh
147,missing-south-grh
148,missing-south-grh
149,missing-south-grh
150,missing-south-grh
151,missing-south-grh
152,missing-south-grh
153,missing-south-grh
154,missing-south-grh
155,missing-south-grh
156,missing-south-grh
157,missing-south-grh
158,missing-south-grh
159,missing-south-grh
160,missing-south-grh
161,missing-south-grh
162,missing-south-grh
163,missing-south-grh
164,missing-south-grh
165,missing-south-grh
166,missing-south-grh
167,missing-south-grh
168,missing-south-grh
169,missing-south-grh
170,ok
171,ok
172,ok
173,ok
174,ok
175,ok
176,ok
177,missing-south-grh
178,missing-south-grh
179,missing-south-grh
180,missing-south-grh
181,missing-south-grh
182,missing-south-grh
183,missing-south-grh
184,missing-south-grh
185,missing-south-grh
186,missing-south-grh
187,missing-south-grh
188,missing-south-grh
189,missing-south-grh
190,missing-south-grh
191,missing-south-grh
192,missing-south-grh
193,missing-south-grh
194,missing-south-grh
195,missing-south-grh
196,missing-south-grh
197,missing-south-grh
198,missing-south-grh
199,missing-south-grh
200,missing-south-grh
201,ok
202,ok
203,ok
204,ok
205,ok
206,missing-south-grh
207,missing-south-grh
208,missing-south-grh
209,missing-south-grh
210,missing-south-grh
211,missing-south-grh
212,missing-south-grh
213,missing-south-grh
214,missing-south-grh
215,missing-south-grh
216,missing-south-grh
217,missing-south-grh
218,missing-south-grh
219,missing-south-grh
220,missing-south-grh
221,missing-south-grh
222,missing-south-grh
223,missing-south-grh
224,missing-south-grh
225,missing-south-grh
226,missing-south-grh
227,missing-south-grh
228,missing-south-grh
229,missing-south-grh
230,missing-south-grh
231,missing-south-grh
232,missing-south-grh
233,missing-south-grh
234,missing-south-grh
235,missing-south-grh
236,missing-south-grh
237,missing-south-grh
238,missing-south-grh
239,missing-south-grh
240,missing-south-grh
241,missing-south-grh
242,missing-south-grh
243,missing-south-grh
244,missing-south-grh
245,missing-south-grh
246,missing-south-grh
247,missing-south-grh
248,missing-south-grh
249,missing-south-grh
250,missing-south-grh
251,missing-south-grh
252,missing-south-grh
253,missing-south-grh
254,missing-south-grh
255,missing-south-grh
256,missing-south-grh
257,missing-south-grh
258,missing-south-grh
259,missing-south-grh
260,missing-south-grh
261,missing-south-grh
262,missing-south-grh
263,missing-south-grh
264,missing-south-grh
265,missing-south-grh
266,missing-south-grh
267,missing-south-grh
268,missing-south-grh
269,missing-south-grh
270,ok
271,ok
272,ok
273,ok
274,ok
275,ok
276,ok
277,ok
278,ok
279,ok
280,missing-south-grh
281,missing-south-grh
282,missing-south-grh
283,missing-south-grh
284,missing-south-grh
285,missing-south-grh
286,missing-south-grh
287,missing-south-grh
288,missing-south-grh
289,missing-south-grh
290,missing-south-grh
291,missing-south-grh
292,missing-south-grh
293,missing-south-grh
294,missing-south-grh
295,missing-south-grh
296,missing-south-grh
297,missing-south-grh
298,missing-south-grh
299,missing-south-grh
300,missing-south-grh
301,ok
302,ok
303,ok
304,ok
305,ok
306,missing-south-grh
307,missing-south-grh
308,missing-south-grh
309,missing-south-grh
310,missing-south-grh
311,missing-south-grh
312,missing-south-grh
313,missing-south-grh
314,missing-south-grh
315,missing-south-grh
316,missing-south-grh
317,missing-south-grh
318,missing-south-grh
319,missing-south-grh
320,missing-south-grh
321,missing-south-grh
322,missing-south-grh
323,missing-south-grh
324,missing-south-grh
325,missing-south-grh
326,missing-south-grh
327,missing-south-grh
328,missing-south-grh
329,missing-south-grh
330,missing-south-grh
331,missing-south-grh
332,missing-south-grh
333,missing-south-grh
334,missing-south-grh
335,missing-south-grh
336,missing-south-grh
337,missing-south-grh
338,missing-south-grh
339,missing-south-grh
340,missing-south-grh
341,missing-south-grh
342,missing-south-grh
343,missing-south-grh
344,missing-south-grh
345,missing-south-grh
346,missing-south-grh
347,missing-south-grh
348,missing-south-grh
349,missing-south-grh
350,missing-south-grh
351,missing-south-grh
352,missing-south-grh
353,missing-south-grh
354,missing-south-grh
355,missing-south-grh
356,missing-south-grh
357,missing-south-grh
358,missing-south-grh
359,missing-south-grh
360,missing-south-grh
361,missing-south-grh
362,missing-south-grh
363,missing-south-grh
364,missing-south-grh
365,missing-south-grh
366,missing-south-grh
367,missing-south-grh
368,missing-south-grh
369,missing-south-grh
370,ok
371,ok
372,missing-south-grh
373,missing-south-grh
374,missing-south-grh
375,missing-south-grh
376,missing-south-grh
377,missing-south-grh
378,missing-south-grh
379,missing-south-grh
380,missing-south-grh
381,missing-south-grh
382,missing-south-grh
383,missing-south-grh
384,missing-south-grh
385,missing-south-grh
386,missing-south-grh
387,missing-south-grh
388,missing-south-grh
389,missing-south-grh
390,missing-south-grh
391,missing-south-grh
392,missing-south-grh
393,missing-south-grh
394,missing-south-grh
395,missing-south-grh
396,missing-south-grh
397,missing-south-grh
398,missing-south-grh
399,missing-south-grh
400,missing-south-grh
401,ok
402,ok
403,ok
404,ok
405,ok
406,ok
407,missing-south-grh
408,missing-south-grh
409,missing-south-grh
410,missing-south-grh
411,missing-south-grh
412,missing-south-grh
413,missing-south-grh
414,missing-south-grh
415,missing-south-grh
416,missing-south-grh
417,missing-south-grh
418,missing-south-grh
419,missing-south-grh
420,missing-south-grh
421,missing-south-grh
422,missing-south-grh
423,missing-south-grh
424,missing-south-grh
425,missing-south-grh
426,missing-south-grh
427,missing-south-grh
428,missing-south-grh
429,missing-south-grh
430,missing-south-grh
431,missing-south-grh
432,missing-south-grh
433,missing-south-grh
434,missing-south-grh
435,missing-south-grh
436,missing-south-grh
437,missing-south-grh
438,missing-south-grh
439,missing-south-grh
440,missing-south-grh
441,missing-south-grh
442,missing-south-grh
443,missing-south-grh
444,missing-south-grh
445,missing-south-grh
446,missing-south-grh
447,missing-south-grh
448,missing-south-grh
449,missing-south-grh
450,missing-south-grh
451,missing-south-grh
452,missing-south-grh
453,missing-south-grh
454,missing-south-grh
455,missing-south-grh
456,missing-south-grh
457,missing-south-grh
458,missing-south-grh
459,missing-south-grh
460,missing-south-grh
461,missing-south-grh
462,missing-south-grh
463,missing-south-grh
464,missing-south-grh
465,missing-south-grh
466,missing-south-grh
467,missing-south-grh
468,missing-south-grh
469,missing-south-grh
470,ok
471,ok
472,ok
473,ok
474,ok
475,ok
476,ok
477,missing-south-grh
478,missing-south-grh
479,missing-south-grh
480,missing-south-grh
481,missing-south-grh
482,missing-south-grh
483,missing-south-grh
484,missing-south-grh
485,missing-south-grh
486,missing-south-grh
487,missing-south-grh
488,missing-south-grh
489,missing-south-grh
490,missing-south-grh
491,missing-south-grh
492,missing-south-grh
493,missing-south-grh
494,missing-south-grh
495,missing-south-grh
496,missing-south-grh
497,missing-south-grh
498,missing-south-grh
499,missing-south-grh
500,ok
501,ok
